mt_s,mt_p,mt_h,vt_s,vt_p,vt_h
1.3453422343374,0.254654984123132465,0,2.56498746541231321,0.0051213241545,1
