task,stat,p,h
1,0.254654984123132465,0.0051213241545,1
2,1.254654984123132465,0.0512132415453,0
3,2.254654984123132465,0.0001113154543,3
